[{"model": "auth.permission", "pk": 1, "fields": {"name": "Can add log entry", "content_type": 1, "codename": "add_logentry"}}, {"model": "auth.permission", "pk": 2, "fields": {"name": "Can change log entry", "content_type": 1, "codename": "change_logentry"}}, {"model": "auth.permission", "pk": 3, "fields": {"name": "Can delete log entry", "content_type": 1, "codename": "delete_logentry"}}, {"model": "auth.permission", "pk": 4, "fields": {"name": "Can view log entry", "content_type": 1, "codename": "view_logentry"}}, {"model": "auth.permission", "pk": 5, "fields": {"name": "Can add permission", "content_type": 2, "codename": "add_permission"}}, {"model": "auth.permission", "pk": 6, "fields": {"name": "Can change permission", "content_type": 2, "codename": "change_permission"}}, {"model": "auth.permission", "pk": 7, "fields": {"name": "Can delete permission", "content_type": 2, "codename": "delete_permission"}}, {"model": "auth.permission", "pk": 8, "fields": {"name": "Can view permission", "content_type": 2, "codename": "view_permission"}}, {"model": "auth.permission", "pk": 9, "fields": {"name": "Can add group", "content_type": 3, "codename": "add_group"}}, {"model": "auth.permission", "pk": 10, "fields": {"name": "Can change group", "content_type": 3, "codename": "change_group"}}, {"model": "auth.permission", "pk": 11, "fields": {"name": "Can delete group", "content_type": 3, "codename": "delete_group"}}, {"model": "auth.permission", "pk": 12, "fields": {"name": "Can view group", "content_type": 3, "codename": "view_group"}}, {"model": "auth.permission", "pk": 13, "fields": {"name": "Can add content type", "content_type": 4, "codename": "add_contenttype"}}, {"model": "auth.permission", "pk": 14, "fields": {"name": "Can change content type", "content_type": 4, "codename": "change_contenttype"}}, {"model": "auth.permission", "pk": 15, "fields": {"name": "Can delete content type", "content_type": 4, "codename": "delete_contenttype"}}, {"model": "auth.permission", "pk": 16, "fields": {"name": "Can view content type", "content_type": 4, "codename": "view_contenttype"}}, {"model": "auth.permission", "pk": 17, "fields": {"name": "Can add session", "content_type": 5, "codename": "add_session"}}, {"model": "auth.permission", "pk": 18, "fields": {"name": "Can change session", "content_type": 5, "codename": "change_session"}}, {"model": "auth.permission", "pk": 19, "fields": {"name": "Can delete session", "content_type": 5, "codename": "delete_session"}}, {"model": "auth.permission", "pk": 20, "fields": {"name": "Can view session", "content_type": 5, "codename": "view_session"}}, {"model": "auth.permission", "pk": 21, "fields": {"name": "Can add Token", "content_type": 6, "codename": "add_token"}}, {"model": "auth.permission", "pk": 22, "fields": {"name": "Can change Token", "content_type": 6, "codename": "change_token"}}, {"model": "auth.permission", "pk": 23, "fields": {"name": "Can delete Token", "content_type": 6, "codename": "delete_token"}}, {"model": "auth.permission", "pk": 24, "fields": {"name": "Can view Token", "content_type": 6, "codename": "view_token"}}, {"model": "auth.permission", "pk": 25, "fields": {"name": "Can add token", "content_type": 7, "codename": "add_tokenproxy"}}, {"model": "auth.permission", "pk": 26, "fields": {"name": "Can change token", "content_type": 7, "codename": "change_tokenproxy"}}, {"model": "auth.permission", "pk": 27, "fields": {"name": "Can delete token", "content_type": 7, "codename": "delete_tokenproxy"}}, {"model": "auth.permission", "pk": 28, "fields": {"name": "Can view token", "content_type": 7, "codename": "view_tokenproxy"}}, {"model": "auth.permission", "pk": 29, "fields": {"name": "Can add Катагория (Тип)", "content_type": 8, "codename": "add_category"}}, {"model": "auth.permission", "pk": 30, "fields": {"name": "Can change Катагория (Тип)", "content_type": 8, "codename": "change_category"}}, {"model": "auth.permission", "pk": 31, "fields": {"name": "Can delete Катагория (Тип)", "content_type": 8, "codename": "delete_category"}}, {"model": "auth.permission", "pk": 32, "fields": {"name": "Can view Катагория (Тип)", "content_type": 8, "codename": "view_category"}}, {"model": "auth.permission", "pk": 33, "fields": {"name": "Can add Жанр", "content_type": 9, "codename": "add_genre"}}, {"model": "auth.permission", "pk": 34, "fields": {"name": "Can change Жанр", "content_type": 9, "codename": "change_genre"}}, {"model": "auth.permission", "pk": 35, "fields": {"name": "Can delete Жанр", "content_type": 9, "codename": "delete_genre"}}, {"model": "auth.permission", "pk": 36, "fields": {"name": "Can view Жанр", "content_type": 9, "codename": "view_genre"}}, {"model": "auth.permission", "pk": 37, "fields": {"name": "Can add Произведение:Жанры", "content_type": 10, "codename": "add_genrestitles"}}, {"model": "auth.permission", "pk": 38, "fields": {"name": "Can change Произведение:Жанры", "content_type": 10, "codename": "change_genrestitles"}}, {"model": "auth.permission", "pk": 39, "fields": {"name": "Can delete Произведение:Жанры", "content_type": 10, "codename": "delete_genrestitles"}}, {"model": "auth.permission", "pk": 40, "fields": {"name": "Can view Произведение:Жанры", "content_type": 10, "codename": "view_genrestitles"}}, {"model": "auth.permission", "pk": 41, "fields": {"name": "Can add Произведение", "content_type": 11, "codename": "add_title"}}, {"model": "auth.permission", "pk": 42, "fields": {"name": "Can change Произведение", "content_type": 11, "codename": "change_title"}}, {"model": "auth.permission", "pk": 43, "fields": {"name": "Can delete Произведение", "content_type": 11, "codename": "delete_title"}}, {"model": "auth.permission", "pk": 44, "fields": {"name": "Can view Произведение", "content_type": 11, "codename": "view_title"}}, {"model": "auth.permission", "pk": 45, "fields": {"name": "Can add Отзыв на произведение", "content_type": 12, "codename": "add_review"}}, {"model": "auth.permission", "pk": 46, "fields": {"name": "Can change Отзыв на произведение", "content_type": 12, "codename": "change_review"}}, {"model": "auth.permission", "pk": 47, "fields": {"name": "Can delete Отзыв на произведение", "content_type": 12, "codename": "delete_review"}}, {"model": "auth.permission", "pk": 48, "fields": {"name": "Can view Отзыв на произведение", "content_type": 12, "codename": "view_review"}}, {"model": "auth.permission", "pk": 49, "fields": {"name": "Can add Комментарий к отзыву", "content_type": 13, "codename": "add_comment"}}, {"model": "auth.permission", "pk": 50, "fields": {"name": "Can change Комментарий к отзыву", "content_type": 13, "codename": "change_comment"}}, {"model": "auth.permission", "pk": 51, "fields": {"name": "Can delete Комментарий к отзыву", "content_type": 13, "codename": "delete_comment"}}, {"model": "auth.permission", "pk": 52, "fields": {"name": "Can view Комментарий к отзыву", "content_type": 13, "codename": "view_comment"}}, {"model": "auth.permission", "pk": 53, "fields": {"name": "Can add user", "content_type": 14, "codename": "add_user"}}, {"model": "auth.permission", "pk": 54, "fields": {"name": "Can change user", "content_type": 14, "codename": "change_user"}}, {"model": "auth.permission", "pk": 55, "fields": {"name": "Can delete user", "content_type": 14, "codename": "delete_user"}}, {"model": "auth.permission", "pk": 56, "fields": {"name": "Can view user", "content_type": 14, "codename": "view_user"}}, {"model": "contenttypes.contenttype", "pk": 1, "fields": {"app_label": "admin", "model": "logentry"}}, {"model": "contenttypes.contenttype", "pk": 2, "fields": {"app_label": "auth", "model": "permission"}}, {"model": "contenttypes.contenttype", "pk": 3, "fields": {"app_label": "auth", "model": "group"}}, {"model": "contenttypes.contenttype", "pk": 4, "fields": {"app_label": "contenttypes", "model": "contenttype"}}, {"model": "contenttypes.contenttype", "pk": 5, "fields": {"app_label": "sessions", "model": "session"}}, {"model": "contenttypes.contenttype", "pk": 6, "fields": {"app_label": "authtoken", "model": "token"}}, {"model": "contenttypes.contenttype", "pk": 7, "fields": {"app_label": "authtoken", "model": "tokenproxy"}}, {"model": "contenttypes.contenttype", "pk": 8, "fields": {"app_label": "reviews", "model": "category"}}, {"model": "contenttypes.contenttype", "pk": 9, "fields": {"app_label": "reviews", "model": "genre"}}, {"model": "contenttypes.contenttype", "pk": 10, "fields": {"app_label": "reviews", "model": "genrestitles"}}, {"model": "contenttypes.contenttype", "pk": 11, "fields": {"app_label": "reviews", "model": "title"}}, {"model": "contenttypes.contenttype", "pk": 12, "fields": {"app_label": "reviews", "model": "review"}}, {"model": "contenttypes.contenttype", "pk": 13, "fields": {"app_label": "reviews", "model": "comment"}}, {"model": "contenttypes.contenttype", "pk": 14, "fields": {"app_label": "users", "model": "user"}}, {"model": "sessions.session", "pk": "24pkmh9wo19ch8w86sb1tz68qty7wcj3", "fields": {"session_data": ".eJxVjDsOwjAQBe_iGln2-htKes5grddrHECJFCcV4u4QKQW0b2beSyTc1pa2zksaizgLLU6_W0Z68LSDcsfpNkuap3UZs9wVedAur3Ph5-Vw_w4a9vatXbTWAejKER1jZDd4VsEooKp9BgMI1YegbSZVVY00IEIAM0RFlox4fwDHzjc7:1pZm5S:toWmyvufiLfSN-etg0bq_D1yWJfZh_ax3tCswf8GzZo", "expire_date": "2023-03-22T05:11:38.465Z"}}, {"model": "reviews.category", "pk": 1, "fields": {"name": "Фильм", "slug": "movie"}}, {"model": "reviews.category", "pk": 2, "fields": {"name": "Книга", "slug": "book"}}, {"model": "reviews.category", "pk": 3, "fields": {"name": "Музыка", "slug": "music"}}, {"model": "reviews.genre", "pk": 1, "fields": {"name": "Драма", "slug": "drama"}}, {"model": "reviews.genre", "pk": 2, "fields": {"name": "Комедия", "slug": "comedy"}}, {"model": "reviews.genre", "pk": 3, "fields": {"name": "Вестерн", "slug": "western"}}, {"model": "reviews.genre", "pk": 4, "fields": {"name": "Фэнтези", "slug": "fantasy"}}, {"model": "reviews.genre", "pk": 5, "fields": {"name": "Фантастика", "slug": "sci-fi"}}, {"model": "reviews.genre", "pk": 6, "fields": {"name": "Детектив", "slug": "detective"}}, {"model": "reviews.genre", "pk": 7, "fields": {"name": "Триллер", "slug": "thriller"}}, {"model": "reviews.genre", "pk": 8, "fields": {"name": "Сказка", "slug": "tale"}}, {"model": "reviews.genre", "pk": 9, "fields": {"name": "Гонзо", "slug": "gonzo"}}, {"model": "reviews.genre", "pk": 10, "fields": {"name": "Роман", "slug": "roman"}}, {"model": "reviews.genre", "pk": 11, "fields": {"name": "Баллада", "slug": "ballad"}}, {"model": "reviews.genre", "pk": 12, "fields": {"name": "Rock-n-roll", "slug": "rock-n-roll"}}, {"model": "reviews.genre", "pk": 13, "fields": {"name": "Классика", "slug": "classical"}}, {"model": "reviews.genre", "pk": 14, "fields": {"name": "Рок", "slug": "rock"}}, {"model": "reviews.genre", "pk": 15, "fields": {"name": "Шансон", "slug": "chanson"}}, {"model": "reviews.title", "pk": 1, "fields": {"name": "Побег из Шоушенка", "year": 1994, "description": "", "category": 1}}, {"model": "reviews.title", "pk": 2, "fields": {"name": "Крестный отец", "year": 1972, "description": "", "category": 1}}, {"model": "reviews.title", "pk": 3, "fields": {"name": "12 разгневанных мужчин", "year": 1957, "description": "", "category": 1}}, {"model": "reviews.title", "pk": 4, "fields": {"name": "Список Шиндлера", "year": 1993, "description": "", "category": 1}}, {"model": "reviews.title", "pk": 5, "fields": {"name": "Криминальное чтиво", "year": 1994, "description": "", "category": 1}}, {"model": "reviews.title", "pk": 6, "fields": {"name": "Хороший, плохой, злой", "year": 1966, "description": "", "category": 1}}, {"model": "reviews.title", "pk": 7, "fields": {"name": "Властелин колец: Братство кольца", "year": 2001, "description": "", "category": 1}}, {"model": "reviews.title", "pk": 8, "fields": {"name": "Бойцовский клуб", "year": 1999, "description": "", "category": 1}}, {"model": "reviews.title", "pk": 9, "fields": {"name": "Форрест Гамп", "year": 1994, "description": "", "category": 1}}, {"model": "reviews.title", "pk": 10, "fields": {"name": "Звёздные войны. Эпизод 5: Империя наносит ответный удар", "year": 1980, "description": "", "category": 1}}, {"model": "reviews.title", "pk": 11, "fields": {"name": "Властелин колец: Две крепости", "year": 2002, "description": "", "category": 1}}, {"model": "reviews.title", "pk": 12, "fields": {"name": "Матрица", "year": 1999, "description": "", "category": 1}}, {"model": "reviews.title", "pk": 13, "fields": {"name": "Пролетая над гнездом кукушки", "year": 1975, "description": "", "category": 1}}, {"model": "reviews.title", "pk": 14, "fields": {"name": "Назад в будущее", "year": 1985, "description": "", "category": 1}}, {"model": "reviews.title", "pk": 15, "fields": {"name": "Операция «Ы» и другие приключения Шурика", "year": 1965, "description": "", "category": 1}}, {"model": "reviews.title", "pk": 16, "fields": {"name": "Карты, деньги, два ствола", "year": 1998, "description": "", "category": 1}}, {"model": "reviews.title", "pk": 17, "fields": {"name": "Джентльмены удачи ", "year": 1971, "description": "", "category": 1}}, {"model": "reviews.title", "pk": 18, "fields": {"name": "Джанго освобожденный", "year": 2012, "description": "", "category": 1}}, {"model": "reviews.title", "pk": 19, "fields": {"name": "Generation П", "year": 2011, "description": "", "category": 1}}, {"model": "reviews.title", "pk": 20, "fields": {"name": "Колобок", "year": 1873, "description": "", "category": 2}}, {"model": "reviews.title", "pk": 21, "fields": {"name": "Страх и ненависть в Лас-Вегасе", "year": 1971, "description": "", "category": 2}}, {"model": "reviews.title", "pk": 22, "fields": {"name": "Война и мир", "year": 1865, "description": "", "category": 2}}, {"model": "reviews.title", "pk": 23, "fields": {"name": "Улисс", "year": 1918, "description": "", "category": 2}}, {"model": "reviews.title", "pk": 24, "fields": {"name": "Generation П", "year": 1999, "description": "", "category": 2}}, {"model": "reviews.title", "pk": 25, "fields": {"name": "Винни Пух и все-все-все", "year": 1926, "description": "", "category": 2}}, {"model": "reviews.title", "pk": 26, "fields": {"name": "Стас Михайлов - Позывные на любовь", "year": 2004, "description": "", "category": 3}}, {"model": "reviews.title", "pk": 27, "fields": {"name": "Led Zeppelin — Stairway to Heaven", "year": 1971, "description": "", "category": 3}}, {"model": "reviews.title", "pk": 28, "fields": {"name": "Jethro Tull - Aqualung", "year": 1971, "description": "", "category": 3}}, {"model": "reviews.title", "pk": 29, "fields": {"name": "Elvis Presley - Blue Suede Shoes", "year": 1955, "description": "", "category": 3}}, {"model": "reviews.title", "pk": 30, "fields": {"name": "Deep Purple — Smoke on the Water", "year": 1971, "description": "", "category": 3}}, {"model": "reviews.title", "pk": 31, "fields": {"name": "Моцарт - Турецкий марш", "year": 1784, "description": "", "category": 3}}, {"model": "reviews.title", "pk": 32, "fields": {"name": "Бах. Оркестровая Сюита №2 си минор", "year": 1739, "description": "", "category": 3}}, {"model": "reviews.genrestitles", "pk": 1, "fields": {"title": 1, "genre": 1}}, {"model": "reviews.genrestitles", "pk": 2, "fields": {"title": 2, "genre": 1}}, {"model": "reviews.genrestitles", "pk": 3, "fields": {"title": 3, "genre": 1}}, {"model": "reviews.genrestitles", "pk": 4, "fields": {"title": 4, "genre": 1}}, {"model": "reviews.genrestitles", "pk": 5, "fields": {"title": 5, "genre": 2}}, {"model": "reviews.genrestitles", "pk": 6, "fields": {"title": 5, "genre": 6}}, {"model": "reviews.genrestitles", "pk": 7, "fields": {"title": 5, "genre": 7}}, {"model": "reviews.genrestitles", "pk": 8, "fields": {"title": 6, "genre": 3}}, {"model": "reviews.genrestitles", "pk": 9, "fields": {"title": 7, "genre": 4}}, {"model": "reviews.genrestitles", "pk": 10, "fields": {"title": 8, "genre": 7}}, {"model": "reviews.genrestitles", "pk": 11, "fields": {"title": 9, "genre": 1}}, {"model": "reviews.genrestitles", "pk": 12, "fields": {"title": 9, "genre": 2}}, {"model": "reviews.genrestitles", "pk": 13, "fields": {"title": 10, "genre": 4}}, {"model": "reviews.genrestitles", "pk": 14, "fields": {"title": 11, "genre": 4}}, {"model": "reviews.genrestitles", "pk": 15, "fields": {"title": 12, "genre": 1}}, {"model": "reviews.genrestitles", "pk": 16, "fields": {"title": 12, "genre": 5}}, {"model": "reviews.genrestitles", "pk": 17, "fields": {"title": 12, "genre": 6}}, {"model": "reviews.genrestitles", "pk": 18, "fields": {"title": 12, "genre": 8}}, {"model": "reviews.genrestitles", "pk": 19, "fields": {"title": 13, "genre": 1}}, {"model": "reviews.genrestitles", "pk": 20, "fields": {"title": 14, "genre": 5}}, {"model": "reviews.genrestitles", "pk": 21, "fields": {"title": 15, "genre": 2}}, {"model": "reviews.genrestitles", "pk": 22, "fields": {"title": 15, "genre": 6}}, {"model": "reviews.genrestitles", "pk": 23, "fields": {"title": 15, "genre": 8}}, {"model": "reviews.genrestitles", "pk": 24, "fields": {"title": 16, "genre": 2}}, {"model": "reviews.genrestitles", "pk": 25, "fields": {"title": 17, "genre": 2}}, {"model": "reviews.genrestitles", "pk": 26, "fields": {"title": 18, "genre": 1}}, {"model": "reviews.genrestitles", "pk": 27, "fields": {"title": 19, "genre": 1}}, {"model": "reviews.genrestitles", "pk": 28, "fields": {"title": 20, "genre": 7}}, {"model": "reviews.genrestitles", "pk": 29, "fields": {"title": 20, "genre": 8}}, {"model": "reviews.genrestitles", "pk": 30, "fields": {"title": 21, "genre": 9}}, {"model": "reviews.genrestitles", "pk": 31, "fields": {"title": 22, "genre": 10}}, {"model": "reviews.genrestitles", "pk": 32, "fields": {"title": 23, "genre": 10}}, {"model": "reviews.genrestitles", "pk": 33, "fields": {"title": 24, "genre": 10}}, {"model": "reviews.genrestitles", "pk": 34, "fields": {"title": 25, "genre": 8}}, {"model": "reviews.genrestitles", "pk": 35, "fields": {"title": 26, "genre": 15}}, {"model": "reviews.genrestitles", "pk": 36, "fields": {"title": 27, "genre": 11}}, {"model": "reviews.genrestitles", "pk": 37, "fields": {"title": 27, "genre": 14}}, {"model": "reviews.genrestitles", "pk": 38, "fields": {"title": 28, "genre": 11}}, {"model": "reviews.genrestitles", "pk": 39, "fields": {"title": 29, "genre": 12}}, {"model": "reviews.genrestitles", "pk": 40, "fields": {"title": 30, "genre": 14}}, {"model": "reviews.genrestitles", "pk": 41, "fields": {"title": 31, "genre": 13}}, {"model": "reviews.genrestitles", "pk": 42, "fields": {"title": 32, "genre": 13}}, {"model": "reviews.review", "pk": 1, "fields": {"author": 100, "text": "Ставлю десять звёзд!\n...Эти голоса были чище и светлее тех, о которых мечтали в этом сером, убогом месте. Как будто две птички влетели и своими голосами развеяли стены наших клеток, и на короткий миг каждый человек в Шоушенке почувствовал себя свободным.", "pub_date": "2023-03-08T05:12:46.955Z", "title": 1, "score": 10}}, {"model": "reviews.review", "pk": 2, "fields": {"author": 101, "text": "Не привыкай\n«Эти стены имеют одно свойство: сначала ты их ненавидишь, потом привыкаешь, а потом не можешь без них жить»", "pub_date": "2023-03-08T05:12:46.959Z", "title": 1, "score": 10}}, {"model": "reviews.review", "pk": 3, "fields": {"author": 102, "text": "Фильм, разобранный на цитаты, достоин высшей оценки. Десять с плюсом (жаль, тут плюса нет)\n\"Ты пришел и говоришь: \"Дон Корлеоне, мне нужна справедливость\". Но ты просишь без уважения, ты не предлагаешь дружбу, ты даже не назвал меня Крестным Отцом.\"", "pub_date": "2023-03-08T05:12:46.964Z", "title": 2, "score": 10}}, {"model": "reviews.review", "pk": 4, "fields": {"author": 103, "text": "Жестокий, жестокий, жестокий мир, не о таком мечтали мы в детстве!!111\n***Отец сделал ему предложение, от которого он не смог отказаться. Лука Брази держал пистолет у его виска, и отец предложил выбор: либо на контракте мозги, либо подпись.***", "pub_date": "2023-03-08T05:12:46.968Z", "title": 2, "score": 1}}, {"model": "reviews.review", "pk": 5, "fields": {"author": 104, "text": "Это мои соседи! Ставлю три звезды за то, что они дважды отдавили мне окном пальцы:\n----------------------\n— Вы живёте в плохом районе?\n— Не то слово. Однажды с нашей улицы угнали полицейскую машину с двумя полицейскими. В дом всё время лезут воры. Каждый раз, как я пытаюсь закрыть окно, прищемляю кому-нибудь пальцы.", "pub_date": "2023-03-08T05:12:46.973Z", "title": 2, "score": 3}}, {"model": "reviews.review", "pk": 6, "fields": {"author": 100, "text": "Всё, как в разных языках программирования! В основном — похоже, но вот эти маленькие различия выводят из себя. \nВеликий фильм на все случаи жизни!\n=====================================================\n— А знаешь, как в Париже называют четвертьфунтовый чизбургер?\n— Что, они не зовут его четвертьфунтовый чизбургер?\n— У них там метрическая система. Они вообще там не понимают, что за хрен четверть фунта.\n— И как они его зовут?\n— Они зовут его «Роял чизбургер».\n— «Роял чизбургер»? А как же тогда они зовут «Биг Мак»?\n— «Биг Мак» это «Биг Мак», только они называют его «Лё Биг Мак».", "pub_date": "2023-03-08T05:12:46.995Z", "title": 5, "score": 8}}, {"model": "reviews.review", "pk": 7, "fields": {"author": 101, "text": "Ничего не понятно. Они там что, страницы сценария перепутали? Его сперва убили, а потом он опять жив, а они сперва в футболках, потом в костюмах, а потом опять в футболках. Ерунда полная", "pub_date": "2023-03-08T05:12:47.000Z", "title": 5, "score": 1}}, {"model": "reviews.review", "pk": 8, "fields": {"author": 102, "text": "Очень поучительный фильм о том, что такое хорошо, что такое плохо и почему не надо читать в туалете.\nТвердая восьмёрка", "pub_date": "2023-03-08T05:12:47.004Z", "title": 5, "score": 8}}, {"model": "reviews.review", "pk": 9, "fields": {"author": 103, "text": "Посмотрел фильм. \n— На свете есть два типа людей: те, кто копает и те, у кого заряжен револьвер.\nПойду копать, как велел Клинт. \nДевять баллов.", "pub_date": "2023-03-08T05:12:47.009Z", "title": 6, "score": 9}}, {"model": "reviews.review", "pk": 10, "fields": {"author": 104, "text": "Вечная проблема всех злодеев, болтающих-болтающих-болтающих вместо того, чтобы просто застрелить противника, одним махом решена в этой сцене.\nЗа одно это фильм заслуживает высшего балла\n\"Пришел стрелять - стреляй, а не болтай!\"", "pub_date": "2023-03-08T05:12:47.013Z", "title": 6, "score": 10}}, {"model": "reviews.review", "pk": 12, "fields": {"author": 101, "text": "Недавно именно так я изобрёл вечный двигатель! Чистая правда в фильме, почему он назван \"фантастикой\", это же полнейший реализм!\nВот цитата. Но зачем ему часы в уборной?!\n— В тот день я изобрёл путешествие во времени! Как сейчас помню… Я стоял на унитазе и вешал часы. Вдруг подскользнулся, ударился головой о раковину", "pub_date": "2023-03-08T05:12:47.106Z", "title": 14, "score": 8}}, {"model": "reviews.review", "pk": 13, "fields": {"author": 102, "text": "Великий фильм, жаль только, что будущее, которое в нём показано, уже в прошлом. Но проблемы всё теже, вот как эта, например: «Док, послушай, всё, что нам нужно — это немного плутония!»\nВсегда не хватает какой-нибудь мелочи. Семёрка за то, что будущее оказалось не таким, как обещали.", "pub_date": "2023-03-08T05:12:47.109Z", "title": 14, "score": 7}}, {"model": "reviews.review", "pk": 14, "fields": {"author": 103, "text": "Будущее выглядит странно и неожиданно, тоже мне, бином Ньютона. Но диалог прекрасен, и за это не стану сильно минусовать.\n-- Then tell me, future boy, who's President of the United States in 1985?\n-- Ronald Reagan.\n-- Ronald Reagan? The actor? Then who's vice president? Jerry Lewis?", "pub_date": "2023-03-08T05:12:47.115Z", "title": 14, "score": 4}}, {"model": "reviews.review", "pk": 15, "fields": {"author": 104, "text": "Неужели из тюрьмы так легко было сбежать? Раз - и ты на свободе. Да, побег из Шоушенка пришлось готовить немного дольше. Пять за соцреализм", "pub_date": "2023-03-08T05:12:47.152Z", "title": 17, "score": 5}}, {"model": "reviews.review", "pk": 16, "fields": {"author": 100, "text": "Сходила в кино, решила написать: драйв и огонь, но иногда какой-то бред на экране. В середине фильма просто отличные диалоги! Пусть будет 7", "pub_date": "2023-03-08T05:12:46.977Z", "title": 3, "score": 7}}, {"model": "reviews.review", "pk": 17, "fields": {"author": 101, "text": "Смотрел, не отрываясь, хочу описать свои впечатления. По моему мнению, сценарий подкачал, зато подбор актёров - супер. Начало немного затянуто. Оператору - Оскара! Всё остальное - не очень. Фильм тянет на 8 из 10", "pub_date": "2023-03-08T05:12:46.983Z", "title": 3, "score": 8}}, {"model": "reviews.review", "pk": 18, "fields": {"author": 102, "text": "Скачал, посмотрел, думаю, что актёры так себе, сценарий хороший. Диалоги прекрасные, так что пусть будет восемь звезд", "pub_date": "2023-03-08T05:12:46.987Z", "title": 4, "score": 8}}, {"model": "reviews.review", "pk": 19, "fields": {"author": 103, "text": "Посмотрел. По моему мнению, актёры так себе, но сценарий хороший. Первую половину фильма можно спать, не опасаясь, что что-то пропустишь. Не раздумывая, ставлю уверенную десятку", "pub_date": "2023-03-08T05:12:46.992Z", "title": 4, "score": 10}}, {"model": "reviews.review", "pk": 20, "fields": {"author": 104, "text": "Скажу тем, кто ещё не смотрел: если бы я был режиссёром этого фильма - я бы не гордился. Оператора уволить, фильм получился так себе, но один раз посмотреть - сойдёт. Авторы честно заслужили 5 из 10", "pub_date": "2023-03-08T05:12:47.021Z", "title": 7, "score": 5}}, {"model": "reviews.review", "pk": 21, "fields": {"author": 100, "text": "Скачал, посмотрел, думаю, что сценарий подкачал, зато подбор актёров - супер. Начало немного затянуто, да и вообще не очень. Фильм едва тянет на 4", "pub_date": "2023-03-08T05:12:47.018Z", "title": 7, "score": 4}}, {"model": "reviews.review", "pk": 22, "fields": {"author": 101, "text": "Мне кажется, что я впустую потерял время. Ставлю 2", "pub_date": "2023-03-08T05:12:47.026Z", "title": 8, "score": 2}}, {"model": "reviews.review", "pk": 23, "fields": {"author": 102, "text": "Посмотрела. Актёры так себе, сценарий хороший. Уснула к середине. Не раздумывая, ставлю двойку ", "pub_date": "2023-03-08T05:12:47.030Z", "title": 8, "score": 2}}, {"model": "reviews.review", "pk": 24, "fields": {"author": 103, "text": "Все очень долго ждали премьеру фильма,и наконец дождались.Фильм отличный,добрый,смотрится почти на одном дыхании,с завязанным сюжетом и не менее крутой музыкой.Кино очень понравилось!!!Всем советую.", "pub_date": "2023-03-08T05:12:47.039Z", "title": 9, "score": 10}}, {"model": "reviews.review", "pk": 25, "fields": {"author": 104, "text": "Отстой-фильм. Не ходите", "pub_date": "2023-03-08T05:12:47.044Z", "title": 9, "score": 1}}, {"model": "reviews.review", "pk": 26, "fields": {"author": 100, "text": "Для людей, которые хотят посмеяться и получить море эмоций, тот самый фильм. Мне очень понравился.", "pub_date": "2023-03-08T05:12:47.035Z", "title": 9, "score": 10}}, {"model": "reviews.review", "pk": 27, "fields": {"author": 101, "text": "Первый раз в жизни решила написать отзыв,чтобы предостеречь от потери денег на билет и траты времени на просмотр. К игре актеров претензий нет", "pub_date": "2023-03-08T05:12:47.047Z", "title": 10, "score": 2}}, {"model": "reviews.review", "pk": 28, "fields": {"author": 102, "text": "2 часа смотрятся на одном дыхании. Спецэффекты на уровне фильмов Марвела. Смотрели всей семьей. Посмотрел несколько отзывов, понял , что фильм стоит посмотреть", "pub_date": "2023-03-08T05:12:47.053Z", "title": 10, "score": 10}}, {"model": "reviews.review", "pk": 29, "fields": {"author": 103, "text": "Действия персонажей вызывают постоянный вопросы - что и зачем они это делают. Логики просто нет. После половины фильма уже хочется уйти", "pub_date": "2023-03-08T05:12:47.061Z", "title": 11, "score": 1}}, {"model": "reviews.review", "pk": 30, "fields": {"author": 104, "text": "Лучший фильм, однозначно. Шедевр. Но следует понимать, что это не кино под пиво для молодежи. Стильно снято, на одном дыхании\nсмотрится, персонажи великолепны", "pub_date": "2023-03-08T05:12:47.065Z", "title": 11, "score": 10}}, {"model": "reviews.review", "pk": 31, "fields": {"author": 100, "text": "Тупее не видел, смотреть не интересно скучняк", "pub_date": "2023-03-08T05:12:47.056Z", "title": 11, "score": 1}}, {"model": "reviews.review", "pk": 32, "fields": {"author": 101, "text": "Фильм интересный,но не доработанный.Остроты сюжета не хватает", "pub_date": "2023-03-08T05:12:47.070Z", "title": 12, "score": 8}}, {"model": "reviews.review", "pk": 33, "fields": {"author": 102, "text": "Самая сильная картина за последнее время. Фильм заставляет плакать, радоваться, грустить, держит в напряжении", "pub_date": "2023-03-08T05:12:47.073Z", "title": 12, "score": 10}}, {"model": "reviews.review", "pk": 34, "fields": {"author": 103, "text": "С огромным удовольствием сходила в кинотеатр. Одноразовые фильмы, названия которых забываешь на выходе из дверей кинозала, разочаровывают. И вот настоящий, душевный, жизненный фильм. Игра акторов и сюжет бомбические.", "pub_date": "2023-03-08T05:12:47.078Z", "title": 12, "score": 9}}, {"model": "reviews.review", "pk": 35, "fields": {"author": 104, "text": "Что сказать после просмотра? Ничего. Такое ощущение, что тебя обманули, заставили смотреть за твои деньги на стену", "pub_date": "2023-03-08T05:12:47.101Z", "title": 13, "score": 1}}, {"model": "reviews.review", "pk": 36, "fields": {"author": 100, "text": "Хотелось уйти уже на двадцатой минуте. Неинтересно и нудно. Режиссура не впечатлила, ну просто неинтересно смотреть было", "pub_date": "2023-03-08T05:12:47.091Z", "title": 13, "score": 2}}, {"model": "reviews.review", "pk": 37, "fields": {"author": 101, "text": "Фильм стоит увидеть тем, кому интересно современное кино. Не скучно, не затянуто, понравилась операторская работа, некоторые сцены сделаны на хорошем уровне", "pub_date": "2023-03-08T05:12:47.097Z", "title": 13, "score": 8}}, {"model": "reviews.review", "pk": 38, "fields": {"author": 102, "text": "Муторно и тяжело. Ставлю 2", "pub_date": "2023-03-08T05:12:47.118Z", "title": 15, "score": 2}}, {"model": "reviews.review", "pk": 39, "fields": {"author": 103, "text": "Фильм не оправдал ожиданий. Сплошная каша, слабый сценарий. С трудом досмотрела до конца. Ожидала нечто такого интересного и захватывающее. Полное разочарование. Отдельные несвязные сцены, непонятные диалоги", "pub_date": "2023-03-08T05:12:47.123Z", "title": 15, "score": 3}}, {"model": "reviews.review", "pk": 40, "fields": {"author": 104, "text": "Мне фильм понравился. Все качественно,красиво. Игра актеров, в основном, очень даже. Но слишком много, для меня кровавых сцен,слабонервным просьба не смотреть", "pub_date": "2023-03-08T05:12:47.128Z", "title": 15, "score": 9}}, {"model": "reviews.review", "pk": 41, "fields": {"author": 100, "text": "Зря потерянное время! Эмоции после просмотра, - безысходность, ничего уже не изменишь. Фильм вообще никакой!!!\nИ поставили его люди бездарные и никчёмные!!!", "pub_date": "2023-03-08T05:12:47.134Z", "title": 16, "score": 1}}, {"model": "reviews.review", "pk": 42, "fields": {"author": 101, "text": "После просмотра разочарование граничит с шоком. Бездарный фильм, как предыдущий от этого же режиссера. Не рекомендую никому! Плохо, неправдоподобно, скомкано снято.", "pub_date": "2023-03-08T05:12:47.138Z", "title": 16, "score": 2}}, {"model": "reviews.review", "pk": 43, "fields": {"author": 102, "text": "Фильм мощный. Главное - не занимать чью-то позицию, а смотреть со стороны. Впервые вижу, чтобы было так детально показаны переживания и эмоции каждого героя. Все на своем месте. Актеры и графика на высоте.", "pub_date": "2023-03-08T05:12:47.143Z", "title": 16, "score": 10}}, {"model": "reviews.review", "pk": 44, "fields": {"author": 103, "text": "Если такой жанр вам по вкусу, то даже не сомневайтесь - бегом в кинотеатр! Фильм - огонь! Интересный сюжет, великолепная игра актёров, съёмки просто супер, да и спецэффекты на высоте", "pub_date": "2023-03-08T05:12:47.147Z", "title": 17, "score": 10}}, {"model": "reviews.review", "pk": 45, "fields": {"author": 104, "text": "Сюжет, мысль, философия, игра актеров, эмоции - блеск! Сюжет динамичный, игра актёров хороша, но не идеальна.", "pub_date": "2023-03-08T05:12:47.161Z", "title": 18, "score": 8}}, {"model": "reviews.review", "pk": 46, "fields": {"author": 100, "text": "Разочарованине, вытащила себя в кино, а тут такое. Реклама шла мноообещающая, а в реальности всё не то", "pub_date": "2023-03-08T05:12:47.156Z", "title": 18, "score": 2}}, {"model": "reviews.review", "pk": 47, "fields": {"author": 101, "text": "Неправдоподобный, нелогичный, бессмысленный фильм. Просто никакой, можете даже не смотреть, сути не уловите. Мне понравился", "pub_date": "2023-03-08T05:12:47.165Z", "title": 19, "score": 10}}, {"model": "reviews.review", "pk": 48, "fields": {"author": 102, "text": "Интересно продуманный фильм, цепляет необычным сюжетом. длинный, что бывает не во всех фильмах. Актёры крутые. В общем, посмотреть можно.", "pub_date": "2023-03-08T05:12:47.170Z", "title": 19, "score": 8}}, {"model": "reviews.review", "pk": 49, "fields": {"author": 103, "text": "Внимательно слежу за всеми новыми изданиями, покупаю каждое. Лучший триллер тысячелетия — это «Колобок»", "pub_date": "2023-03-08T05:12:47.174Z", "title": 20, "score": 10}}, {"model": "reviews.review", "pk": 50, "fields": {"author": 104, "text": "А вот у кипчаков «колобок» — шарик из навоза! И сказка приобретает совсем другой смысл! «Не хитри, а то навоза накушаешься!»", "pub_date": "2023-03-08T05:12:47.179Z", "title": 20, "score": 10}}, {"model": "reviews.review", "pk": 51, "fields": {"author": 100, "text": "Прочла от начала до конца, не отрываясь. Ужасная книга, чему она может научить нашу молодёжь.", "pub_date": "2023-03-08T05:12:47.183Z", "title": 21, "score": 1}}, {"model": "reviews.review", "pk": 52, "fields": {"author": 101, "text": "Суровые американские семидесятые в документальном изложении. Как автор дожил до 2005-го года — загадка. Но роман прекрасный.", "pub_date": "2023-03-08T05:12:47.187Z", "title": 21, "score": 10}}, {"model": "reviews.review", "pk": 53, "fields": {"author": 102, "text": "Многабукуф. Ниасилил. В аннотации написано — «великий роман», так что ставлю максимальную оценку", "pub_date": "2023-03-08T05:12:47.192Z", "title": 22, "score": 10}}, {"model": "reviews.review", "pk": 54, "fields": {"author": 103, "text": "Если такой жанр вам по вкусу, то даже не сомневайтесь: садитесь читать! Роман - огонь! Интересный сюжет, великолепные персонажи, небо Аустерлица и встреча с дубом", "pub_date": "2023-03-08T05:12:47.196Z", "title": 22, "score": 10}}, {"model": "reviews.review", "pk": 55, "fields": {"author": 104, "text": "Я ВиМ в школе читал (заставляли), а потом опять случайно прочёл, и оказалось, что он и правла великий, а не просто так. Не ставлю десятку только в память о школьных мучениях", "pub_date": "2023-03-08T05:12:47.201Z", "title": 22, "score": 8}}, {"model": "reviews.review", "pk": 56, "fields": {"author": 100, "text": "Ничего не понял", "pub_date": "2023-03-08T05:12:47.205Z", "title": 23, "score": 3}}, {"model": "reviews.review", "pk": 57, "fields": {"author": 101, "text": "Не понял вообще ничего", "pub_date": "2023-03-08T05:12:47.210Z", "title": 23, "score": 1}}, {"model": "reviews.review", "pk": 58, "fields": {"author": 102, "text": "Совсем непонятно, но здорово", "pub_date": "2023-03-08T05:12:47.213Z", "title": 23, "score": 8}}, {"model": "reviews.review", "pk": 59, "fields": {"author": 103, "text": "Что это было?! Десятка за уровень непонятности", "pub_date": "2023-03-08T05:12:47.220Z", "title": 23, "score": 10}}, {"model": "reviews.review", "pk": 60, "fields": {"author": 104, "text": "Детально комментировать не буду, но это шедевр", "pub_date": "2023-03-08T05:12:47.224Z", "title": 23, "score": 10}}, {"model": "reviews.review", "pk": 63, "fields": {"author": 102, "text": "Не может быть такого. Это всё придумано, автор попытался обмануть читателя, но мы, читатели, умнее его. Нас вокруг пальца не обведёшь!!", "pub_date": "2023-03-08T05:12:47.228Z", "title": 24, "score": 2}}, {"model": "reviews.review", "pk": 64, "fields": {"author": 103, "text": "Всё совершенно не так, как на самом деле, и в документальной повести это хорошо описано", "pub_date": "2023-03-08T05:12:47.232Z", "title": 24, "score": 9}}, {"model": "reviews.review", "pk": 65, "fields": {"author": 104, "text": "Если бы я только мог на минутку перестать бумкать головой по ступенькам и как следует сосредоточиться — я бы написал прекрасный отзыв. Но увы — сосредоточиться-то мне и некогда: учёба, работа. Просто поставлю пятёрку", "pub_date": "2023-03-08T05:12:47.241Z", "title": 25, "score": 10}}, {"model": "reviews.review", "pk": 66, "fields": {"author": 100, "text": "Это просто «Война и мир» для детей. Читать всем", "pub_date": "2023-03-08T05:12:47.237Z", "title": 25, "score": 10}}, {"model": "reviews.review", "pk": 67, "fields": {"author": 101, "text": "Слушаю и плачу. Плачу, но слушаю", "pub_date": "2023-03-08T05:12:47.245Z", "title": 26, "score": 10}}, {"model": "reviews.review", "pk": 68, "fields": {"author": 102, "text": "Какой-то непонятный шум. Неужели это кто-то слушает?", "pub_date": "2023-03-08T05:12:47.249Z", "title": 27, "score": 1}}, {"model": "reviews.review", "pk": 69, "fields": {"author": 103, "text": "Ничего не понятно. О чём эта песня, чему она учит?", "pub_date": "2023-03-08T05:12:47.254Z", "title": 27, "score": 2}}, {"model": "reviews.review", "pk": 70, "fields": {"author": 104, "text": "Йэн Андерсон великий!!!!!!!!1111", "pub_date": "2023-03-08T05:12:47.262Z", "title": 28, "score": 10}}, {"model": "reviews.review", "pk": 71, "fields": {"author": 100, "text": "Неужели песню про аквалангистов перевели на английский?! Ну наконец-то! Аквалангисты — это хорошо!", "pub_date": "2023-03-08T05:12:47.258Z", "title": 28, "score": 10}}, {"model": "reviews.review", "pk": 72, "fields": {"author": 101, "text": "Мы прыгали, вертелись и кружились так, что пол ходил ходуном!", "pub_date": "2023-03-08T05:12:47.266Z", "title": 29, "score": 10}}, {"model": "reviews.review", "pk": 73, "fields": {"author": 104, "text": "Это единственный риф, который я умею играть на своей супердорогой гитаре! Моя любимая песня", "pub_date": "2023-03-08T05:12:47.271Z", "title": 30, "score": 10}}, {"model": "reviews.review", "pk": 74, "fields": {"author": 100, "text": "Странно: Моцарт - австриец, а марш - турецкий. Не понимаю, как так вышло. Звучит красиво, но за географическую путаницу ставлю восемь", "pub_date": "2023-03-08T05:12:47.275Z", "title": 31, "score": 8}}, {"model": "reviews.review", "pk": 75, "fields": {"author": 102, "text": "Бах forever. Это вам не три аккорда на гитаре, как у смок он зе вотер", "pub_date": "2023-03-08T05:12:47.280Z", "title": 32, "score": 10}}, {"model": "reviews.comment", "pk": 1, "fields": {"author": 102, "text": "Ничего подобного, в фильме всё не так, и программирование тут вообще ни при чём!", "pub_date": "2023-03-08T05:12:47.284Z", "review": 6}}, {"model": "reviews.comment", "pk": 2, "fields": {"author": 101, "text": "Ну надо же, не нашлось ничего лучшего, кроме как прокомментировать разговор про гамбургеры, будто в фильме ничего важнее этого нет", "pub_date": "2023-03-08T05:12:47.289Z", "review": 6}}, {"model": "reviews.comment", "pk": 3, "fields": {"author": 103, "text": "Кстати, а что такое \"четверть фунта\"? В граммах это сколько?", "pub_date": "2023-03-08T05:12:47.293Z", "review": 6}}, {"model": "users.user", "pk": 1, "fields": {"password": "pbkdf2_sha256$260000$vdIt6Zm4b8nFN93qRx3aV9$WFRIjRhkt6ft4yEhqWhaAHwZ/UpYahaCwOSOTIzASYM=", "last_login": "2023-03-08T05:11:38.461Z", "is_superuser": true, "first_name": "", "last_name": "", "is_staff": true, "is_active": true, "date_joined": "2023-03-08T05:11:32.711Z", "username": "admin", "email": "ad@ad.ru", "bio": null, "role": "user", "groups": [], "user_permissions": []}}, {"model": "users.user", "pk": 100, "fields": {"password": "", "last_login": null, "is_superuser": false, "first_name": "", "last_name": "", "is_staff": false, "is_active": true, "date_joined": "2023-03-08T05:12:46.936Z", "username": "bingobongo", "email": "bingobongo@yamdb.fake", "bio": "", "role": "user", "groups": [], "user_permissions": []}}, {"model": "users.user", "pk": 101, "fields": {"password": "", "last_login": null, "is_superuser": false, "first_name": "", "last_name": "", "is_staff": false, "is_active": true, "date_joined": "2023-03-08T05:12:46.940Z", "username": "capt_obvious", "email": "capt_obvious@yamdb.fake", "bio": "", "role": "admin", "groups": [], "user_permissions": []}}, {"model": "users.user", "pk": 102, "fields": {"password": "", "last_login": null, "is_superuser": false, "first_name": "", "last_name": "", "is_staff": false, "is_active": true, "date_joined": "2023-03-08T05:12:46.942Z", "username": "faust", "email": "faust@yamdb.fake", "bio": "", "role": "user", "groups": [], "user_permissions": []}}, {"model": "users.user", "pk": 103, "fields": {"password": "", "last_login": null, "is_superuser": false, "first_name": "", "last_name": "", "is_staff": false, "is_active": true, "date_joined": "2023-03-08T05:12:46.945Z", "username": "reviewer", "email": "reviewer@yamdb.fake", "bio": "", "role": "user", "groups": [], "user_permissions": []}}, {"model": "users.user", "pk": 104, "fields": {"password": "", "last_login": null, "is_superuser": false, "first_name": "", "last_name": "", "is_staff": false, "is_active": true, "date_joined": "2023-03-08T05:12:46.948Z", "username": "angry", "email": "angry@yamdb.fake", "bio": "", "role": "moderator", "groups": [], "user_permissions": []}}]